{
  "timestamp": "2025-08-04T22:48:41.037886",
  "test_accuracy": 0.8113207547169812,
  "test_f1_score": 0.8038879359634077,
  "classification_report": "              precision    recall  f1-score   support\n\n     No Fall       0.94      0.62      0.75        24\n        Fall       0.76      0.97      0.85        29\n\n    accuracy                           0.81        53\n   macro avg       0.85      0.80      0.80        53\nweighted avg       0.84      0.81      0.80        53\n",
  "confusion_matrix": [
    [
      15,
      9
    ],
    [
      1,
      28
    ]
  ],
  "target_accuracy": 0.85,
  "target_f1_score": 0.85,
  "model_meets_targets": 