{
  "timestamp": "2025-08-05T13:22:24.230933",
  "test_accuracy": 0.660377358490566,
  "test_f1_score": 0.6469982847341338,
  "classification_report": "              precision    recall  f1-score   support\n\n     No Fall       0.69      0.46      0.55        24\n        Fall       0.65      0.83      0.73        29\n\n    accuracy                           0.66        53\n   macro avg       0.67      0.64      0.64        53\nweighted avg       0.67      0.66      0.65        53\n",
  "confusion_matrix": [
    [
      11,
      13
    ],
    [
      5,
      24
    ]
  ],
  "target_accuracy": 0.85,
  "target_f1_score": 0.85,
  "model_meets_targets": false
}